-- SOURCE ./src/create.sql;

INSERT INTO person (id, firstname, lastname, birth_date, home_street, home_city, home_postcode, contact_number) VALUES
('CIT2809001', 'Bella', 'Chua', '2005-07-18', '17 Jalan Q', 'Petaling Jaya', '46100', '0123456711'),
('CIT2809002', 'Jack', 'Wong', '2005-05-10', '20 Jalan T', 'Kuala Lumpur', '50092', '0123456708'),
('CIT2809003', 'Kelly', 'Ho', '2004-12-03', '21 Jalan U', 'Petaling Jaya', '46040', '0123456709'),
('CST2809001', 'Aaron', 'Low', '2005-02-12', '16 Jalan P', 'Kuala Lumpur', '50100', '0123456710'),
('CST2809002', 'Hannah', 'Lee', '2005-06-25', '18 Jalan R', 'Kuala Lumpur', '50091', '0123456706'),
('CST2809003', 'Ian', 'Ng', '2004-08-12', '19 Jalan S', 'Shah Alam', '40030', '0123456707'),
('CYS2809001', 'Alice', 'Tan', '2005-04-15', '1 Jalan A', 'Kuala Lumpur', '50000', '0123456789'),
('CYS2809002', 'Bob', 'Lee', '2004-11-22', '2 Jalan B', 'Petaling Jaya', '46000', '0123456790'),
('CYS2809003', 'Charlie', 'Lim', '2005-06-10', '3 Jalan C', 'Kuala Lumpur', '50010', '0123456791'),
('CYS2809004', 'David', 'Ng', '2005-08-05', '4 Jalan D', 'Shah Alam', '40000', '0123456792'),
('CYS2809005', 'Eva', 'Wong', '2004-12-30', '5 Jalan E', 'Kuala Lumpur', '50020', '0123456793'),
('CYS2809006', 'Fiona', 'Lim', '2005-02-14', '16 Jalan P', 'Kuala Lumpur', '50090', '0123456704'),
('CYS2809007', 'George', 'Tan', '2004-03-20', '17 Jalan Q', 'Petaling Jaya', '46030', '0123456705'),
('SCYS2012001', 'Frank', 'Cheah', '1980-01-15', '6 Jalan F', 'Kuala Lumpur', '50030', '0123456794'),
('SCYS2012002', 'Grace', 'Ho', '1985-03-22', '7 Jalan G', 'Petaling Jaya', '46010', '0123456795'),
('SCYS2012003', 'Henry', 'Chong', '1978-07-10', '8 Jalan H', 'Kuala Lumpur', '50040', '0123456796'),
('SCYS2012004', 'Irene', 'Koh', '1982-09-05', '9 Jalan I', 'Shah Alam', '40010', '0123456797'),
('SCYS2012005', 'Jason', 'Lim', '1979-12-30', '10 Jalan J', 'Kuala Lumpur', '50050', '0123456798'),
('SCYS2013001', 'Karen', 'Tan', '1990-05-15', '11 Jalan K', 'Kuala Lumpur', '50060', '0123456799'),
('SCYS2013002', 'Leo', 'Yeo', '1988-08-22', '12 Jalan L', 'Petaling Jaya', '46020', '0123456700'),
('SCYS2013003', 'Mia', 'Ng', '1983-02-10', '13 Jalan M', 'Kuala Lumpur', '50070', '0123456701'),
('SCYS2013004', 'Nick', 'Wong', '1986-11-05', '14 Jalan N', 'Shah Alam', '40020', '0123456702'),
('SCYS2013005', 'Olivia', 'Lee', '1992-12-30', '15 Jalan O', 'Kuala Lumpur', '50080', '0123456703'),
('SCYS2014001', 'Daniel', 'Foo', '1987-03-14', '19 Jalan S', 'Kuala Lumpur', '50200', '0123456713'),
('SCYS2014002', 'Emily', 'Goh', '1989-09-09', '20 Jalan T', 'Petaling Jaya', '46200', '0123456714'),
('SWE2809001',  'Chris', 'Ong', '2005-10-03', '18 Jalan R', 'Shah Alam', '40100', '0123456712'),
('SWE2809002', 'Liam', 'Chong', '2005-04-18', '22 Jalan V', 'Kuala Lumpur', '50093', '0123456710'),
('SWE2809003', 'Mia', 'Koh', '2004-11-29', '23 Jalan W', 'Shah Alam', '40040', '0123456711');

INSERT INTO staff (staff_id, department, office_location) VALUES
('SCYS2012001', 'Computer Science', 'Block A, Room 101'),
('SCYS2012002', 'Information Technology', 'Block B, Room 202'),
('SCYS2012003', 'Cybersecurity', 'Block C, Room 303'),
('SCYS2012004', 'Software Engineering', 'Block D, Room 404'),
('SCYS2012005', 'Computer Science', 'Block E, Room 505'),
('SCYS2013001', 'Information Technology', 'Block F, Room 101'),
('SCYS2013002', 'Cybersecurity', 'Block G, Room 202'),
('SCYS2013003', 'Software Engineering', 'Block H, Room 303'),
('SCYS2013004', 'Computer Science', 'Block I, Room 404'),
('SCYS2013005', 'Information Technology', 'Block J, Room 505'),
('SCYS2014001', 'Cybersecurity', 'Block K, Room 101'),
('SCYS2014002', 'Software Engineering', 'Block L, Room 202');

INSERT INTO coordinator (coordinator_id, qualification) VALUES
('SCYS2012001', 'PhD in Computer Science'),
('SCYS2012002', 'MSc in IT'),
('SCYS2012003', 'PhD in Cybersecurity'),
('SCYS2012004', 'MSc in Software Engineering'),
('SCYS2012005', 'PhD in Computer Science');

INSERT INTO advisor (advisor_id, start_year) VALUES
('SCYS2013001', 2015),
('SCYS2013002', 2016),
('SCYS2013003', 2017),
('SCYS2013004', 2018),
('SCYS2013005', 2019),
('SCYS2014001', 2020),
('SCYS2014002', 2021);

INSERT INTO programme (programme_code, name, faculty, duration, coordinator_id) VALUES
('CYS', 'Cybersecurity', 'Faculty of IT', 4, 'SCYS2012003'),
('CST', 'Computer Science', 'Faculty of Computing', 4, 'SCYS2012001'),
('CIT', 'Information Technology', 'Faculty of IT', 4, 'SCYS2012002'),
('SWE', 'Software Engineering', 'Faculty of Computing', 4, 'SCYS2012004');

INSERT INTO semester (year, month) VALUES
(2024, 1), (2024, 5), (2024, 9),
(2025, 1), (2025, 5), (2025, 9),
(2026, 1), (2026, 5), (2026, 9),
(2027, 1), (2027, 5), (2027, 9),
(2028, 1), (2028, 5), (2028, 9);

INSERT INTO course (course_code, title, credit_hour, programme_code, semester_year, semester_month) VALUES
('CIT101', 'IT Fundamentals', 3, 'CIT', 2024, 1),
('CIT102', 'Database Systems', 3, 'CIT', 2024, 5),
('CIT103', 'Web Development', 3, 'CIT', 2024, 9),
('CIT201', 'Advanced Databases', 3, 'CIT', 2025, 1),
('CIT301', 'Enterprise IT Systems', 3, 'CIT', 2025, 1),
('CIT302', 'Database & Cloud Integration', 3, 'CIT', 2025, 5),
('CIT303', 'IT Capstone Project', 4, 'CIT', 2025, 9),
('CST101', 'Intro to Computer Science', 3, 'CST', 2024, 1),
('CST102', 'Data Structures', 3, 'CST', 2024, 5),
('CST103', 'Algorithms', 3, 'CST', 2024, 9),
('CST201', 'Operating Systems', 3, 'CST', 2025, 1),
('CST301', 'Advanced Programming Concepts', 3, 'CST', 2025, 1),
('CST302', 'Algorithms and Optimization', 3, 'CST', 2025, 5),
('CST303', 'CS Capstone Project', 4, 'CST', 2025, 9),
('CYS101', 'Intro to Cybersecurity', 3, 'CYS', 2024, 1),
('CYS102', 'Network Security', 3, 'CYS', 2024, 5),
('CYS103', 'Cryptography', 3, 'CYS', 2024, 9),
('CYS201', 'Ethical Hacking', 3, 'CYS', 2025, 1),
('CYS401', 'Cybersecurity Risk Management', 3, 'CYS', 2025, 1),
('CYS402', 'Advanced Cybersecurity Techniques', 3, 'CYS', 2025, 5),
('CYS403', 'Cybersecurity Capstone', 4, 'CYS', 2025, 9),
('SWE101', 'Software Engineering Basics', 3, 'SWE', 2024, 1),
('SWE102', 'Software Design Principles', 3, 'SWE', 2024, 5),
('SWE103', 'Software Testing Techniques', 3, 'SWE', 2024, 9),
('SWE201', 'Software Architecture Foundations', 3, 'SWE', 2025, 1),
('SWE301', 'Software Development Lifecycle', 3, 'SWE', 2025, 1),
('SWE302', 'Software Project Management', 3, 'SWE', 2025, 5),
('SWE303', 'Software Engineering Capstone', 4, 'SWE', 2025, 9);

INSERT INTO course_prerequisite (course_code, prerequisite_code) VALUES
('CIT201', 'CIT103'), ('CIT301', 'CIT101'),
('CIT301', 'CIT102'), ('CIT302', 'CIT101'),
('CIT302', 'CIT102'), ('CIT302', 'CIT103'),
('CIT303', 'CIT102'), ('CIT303', 'CIT103'),
('CIT303', 'CIT201'), ('CST201', 'CST103'),
('CST301', 'CST101'), ('CST301', 'CST102'),
('CST302', 'CST101'), ('CST302', 'CST102'),
('CST302', 'CST103'), ('CST303', 'CST102'),
('CST303', 'CST103'), ('CST303', 'CST201'),
('CYS201', 'CYS103'), ('CYS401', 'CYS101'),
('CYS401', 'CYS102'), ('CYS402', 'CYS101'),
('CYS402', 'CYS102'), ('CYS402', 'CYS103'),
('CYS403', 'CYS102'), ('CYS403', 'CYS103'),
('CYS403', 'CYS201'), ('SWE301', 'SWE101'),
('SWE301', 'SWE102'), ('SWE302', 'SWE101'),
('SWE302', 'SWE102'), ('SWE302', 'SWE103'),
('SWE303', 'SWE102'), ('SWE303', 'SWE103'),
('SWE303', 'SWE201');

INSERT INTO lecturer (lecturer_id, course_code) VALUES
('SCYS2012003', 'CYS101'),
('SCYS2013002', 'CYS102'),
('SCYS2013003', 'CYS103'),
('SCYS2012001', 'CST101'),
('SCYS2012002', 'CST102'),
('SCYS2013001', 'CST103'),
('SCYS2012002', 'CIT101'),
('SCYS2013004', 'CIT102'),
('SCYS2013005', 'CIT103'),
('SCYS2012004', 'SWE101'),
('SCYS2012005', 'SWE102'),
('SCYS2013003', 'SWE103'),
('SCYS2014001', 'CYS201'),
('SCYS2012001', 'CST201'),
('SCYS2013004', 'CIT201'),
('SCYS2014002', 'SWE201');

INSERT INTO student (student_id, cgpa, status, level, programme_code, advisor_id) VALUES
('CIT2809001', 3.40, 'active', 'Year 1', 'CIT', 'SCYS2014001'),
('CIT2809002', 3.10, 'active', 'Year 1', 'CIT', 'SCYS2014001'),
('CIT2809003', 3.55, 'active', 'Year 2', 'CIT', 'SCYS2014002'),
('CST2809001', 3.10, 'active', 'Year 1', 'CST', 'SCYS2014001'),
('CST2809002', 3.25, 'active', 'Year 1', 'CST', 'SCYS2014001'),
('CST2809003', 3.60, 'active', 'Year 2', 'CST', 'SCYS2014002'),
('CYS2809001', 3.50, 'active', 'Year 1', 'CYS', 'SCYS2013001'),
('CYS2809002', 3.20, 'active', 'Year 1', 'CYS', 'SCYS2013002'),
('CYS2809003', 3.80, 'active', 'Year 2', 'CYS', 'SCYS2013003'),
('CYS2809004', 2.90, 'active', 'Year 2', 'CYS', 'SCYS2013004'),
('CYS2809005', 3.60, 'active', 'Year 3', 'CYS', 'SCYS2013005'),
('CYS2809006', 3.70, 'active', 'Year 1', 'CYS', 'SCYS2013001'),
('CYS2809007', 2.85, 'active', 'Year 2', 'CYS', 'SCYS2013002'),
('SWE2809001', 3.00, 'active', 'Year 1', 'SWE', 'SCYS2014002'),
('SWE2809002', 3.20, 'active', 'Year 1', 'SWE', 'SCYS2014002'),
('SWE2809003', 3.75, 'active', 'Year 2', 'SWE', 'SCYS2014002');

INSERT INTO enrollment (student_id, course_code, semester_year, semester_month, final_grade) VALUES
('CIT2809001', 'CIT101', 2024, 1, 'A'),
('CIT2809002', 'CIT102', 2024, 5, 'B+'),
('CIT2809003', 'CIT103', 2024, 9, 'A-'),
('CIT2809003', 'CST103', 2024, 9, 'B+'),
('CST2809001', 'CST101', 2024, 1, 'B+'),
('CST2809002', 'CST102', 2024, 5, 'B'),
('CST2809003', 'CST103', 2024, 9, 'A'),
('CST2809003', 'SWE103', 2024, 9, 'A'),
('CYS2809001', 'CYS101', 2024, 1, 'A'),
('CYS2809001', 'CYS102', 2024, 5, 'B+'),
('CYS2809001', 'CYS103', 2024, 9, 'A-'),
('CYS2809002', 'CYS101', 2024, 1, 'B'),
('CYS2809002', 'CYS102', 2024, 5, 'A-'),
('CYS2809003', 'CYS101', 2024, 1, 'A'),
('CYS2809003', 'CYS102', 2024, 5, 'A'),
('CYS2809003', 'CYS103', 2024, 9, 'A'),
('CYS2809004', 'CYS101', 2024, 1, 'B+'),
('CYS2809004', 'CYS102', 2024, 5, 'B'),
('CYS2809005', 'CYS103', 2024, 9, 'A'),
('CYS2809006', 'CIT102', 2024, 5, 'A-'),
('CYS2809006', 'CYS102', 2024, 5, 'B+'),
('CYS2809007', 'CYS103', 2024, 9, 'B'),
('SWE2809001', 'SWE101', 2024, 1, 'B'),
('SWE2809002', 'SWE102', 2024, 5, 'A-'),
('SWE2809003', 'SWE103', 2024, 9, 'A');

INSERT INTO fee (student_id, total_credit, total_fee, discount, semester_year, semester_month, payment_status, payment_method) VALUES
('CIT2809001', 3, 600, 0.25, 2024, 1, 'Paid', 'Card'),
('CIT2809002', 3, 600, 0, 2024, 5, 'Pending', 'QR'),
('CIT2809003', 6, 1200, 0.3, 2024, 9, 'Paid', 'Card'),
('CST2809001', 3, 600, 0, 2024, 1, 'Paid', 'QR'),
('CST2809002', 3, 600, 0.2, 2024, 5, 'Paid', 'Cash'),
('CST2809003', 6, 1200, 0, 2024, 9, 'Overdue', 'Card'),
('CYS2809001', 3, 600, 0, 2024, 5, 'Overdue', 'Card'),
('CYS2809001', 3, 600, 0, 2024, 9, 'Overdue', 'Card'),
('CYS2809002', 3, 600, 0, 2024, 5, 'Paid', 'Cash'),
('CYS2809003', 3, 600, 0.5, 2024, 5, 'Pending', 'QR'),
('CYS2809004', 3, 600, 0, 2024, 5, 'Overdue', 'Card'),
('CYS2809005', 3, 600, 0, 2024, 9, 'Pending', 'Cash'),
('CYS2809006', 6, 1200, 0.1, 2024, 5, 'Paid', 'Card'),
('CYS2809007', 3, 600, 0, 2024, 9, 'Pending', 'QR'),
('SWE2809001', 3, 600, 0, 2024, 1, 'Pending', 'Cash'),
('SWE2809002', 3, 600, 0, 2024, 5, 'Paid', 'Cash'),
('SWE2809003', 3, 600, 0.15, 2024, 9, 'Pending', 'QR');
